Song,20cm_2016,20cm_2017,20cm_2018,15cm_2016,15cm_2017,15cm_2018,10cm_2016,10cm_2017,10cm_2018
1,-3.52,-3.19,-3.03,-2.65,-2.11,-2.02,-1.98,-1.36,-1.26
2,-3.68,-3.48,-3.26,-2.86,-2.57,-2.42,-2.04,-1.84,-1.75
3,-3.42,-3.12,-3.09,-2.54,-2.16,-2.05,-1.86,-1.57,-1.36
4,-3.52,-3.42,-3.15,-2.98,-2.64,-2.48,-2.04,-1.94,-1.91
5,-3.23,-3.02,-3.01,-2.58,-2.42,-2.35,-1.45,-1.29,-1.15
6,-3.49,-3.49,-3.26,-2.18,-2.14,-2.05,-1.45,-1.42,-1.26
7,-3.12,-3.05,-2.96,-2.45,-2.32,-2.15,-2.02,-1.94,-1.82
8,-3.75,-3.48,-3.14,-2.92,-2.62,-2.49,-2.16,-1.97,-1.68
9,-3.54,-3.14,-3.08,-2.63,-2.48,-2.36,-1.93,-1.67,-1.36
10,-3.18,-3.12,-3.04,-2.59,-2.16,-2.09,-2.04,-1.94,-1.62
11,-3.68,-3.52,-3.48,-2.95,-2.67,-2.42,-2.32,-2.13,-1.93
12,-3.94,-3.87,-3.63,-2.82,-2.74,-2.59,-2.14,-1.97,-1.84
13,-3.56,-3.48,-3.31,-2.36,-2.14,-2.02,-1.86,-1.75,-1.34
14,-3.62,-3.53,-3.18,-2.54,-2.18,-2.09,-1.74,-1.25,-1.13
15,-3.26,-3.12,-3.04,-2.68,-2.45,-2.29,-2.07,-1.96,-1.82
16,-3.14,-3.05,-2.97,-2.51,-2.48,-2.39,-1.94,-1.64,-1.41
17,-3.08,-3.08,-2.91,-2.72,-2.64,-2.57,-2.06,-2.02,-1.96
18,-3.48,-3.26,-3.12,-2.57,-2.42,-2.37,-1.93,-1.92,-1.86
19,-3.44,-3.28,-3.12,-2.96,-2.48,-2.27,-2.05,-1.96,-1.84
20,-3.11,-3.04,-2.96,-2.57,-2.16,-2.04,-1.59,-1.24,-1.13
21,-3.47,-3.26,-3.14,-2.85,-2.26,-2.12,-1.68,-1.56,-1.23
22,-3.48,-3.36,-3.18,-2.97,-2.86,-2.72,-1.98,-1.48,-1.26
23,-3.18,-3.12,-3.05,-2.76,-2.48,-2.32,-1.94,-1.72,-1.64
24,-3.85,-3.54,-3.36,-3.17,-2.82,-2.64,-2.04,-1.62,-1.51
25,-3.23,-3.13,-3.02,-2.14,-2.07,-1.92,-1.49,-1.26,-1.16
26,-3.56,-3.27,-3.12,-2.76,-2.43,-2.16,-1.96,-1.61,-1.32
27,-3.58,-3.48,-3.37,-2.94,-2.75,-2.63,-2.01,-1.93,-1.64
28,-3.47,-3.27,-3.14,-2.76,-2.41,-2.18,-1.94,-1.65,-1.36
29,-3.26,-3.18,-3.02,-2.45,-2.23,-1.92,-1.94,-1.88,-1.69
30,-3.18,-3.09,-2.86,-2.86,-2.58,-2.32,-2.09,-1.96,-1.86
31,-3.48,-3.38,-3.07,-2.45,-2.29,-1.98,-1.85,-1.74,-1.67
32,-3.19,-3.27,-3.01,-2.76,-2.57,-2.18,-1.93,-1.74,-1.68
33,-3.56,-3.48,-3.13,-2.48,-2.37,-2.06,-1.47,-1.33,-1.09
34,-3.47,-3.28,-3.18,-2.74,-2.54,-2.38,-2.07,-1.83,-1.64
35,-3.76,-3.49,-3.19,-2.71,-2.59,-2.46,-2.01,-1.84,-1.64
36,-3.73,-3.52,-3.18,-2.42,-2.29,-2.01,-1.47,-1.31,-1.16
37,-3.27,-3.14,-3.02,-2.57,-2.16,-1.93,-1.56,-1.32,-1.24
38,-3.71,-3.49,-3.27,-2.84,-2.53,-2.38,-1.82,-1.59,-1.34
39,-3.45,-3.26,-3.18,-2.17,-2.03,-1.97,-1.86,-1.53,-1.37
40,-3.71,-3.52,-3.08,-2.81,-2.56,-2.17,-1.63,-1.41,-1.36
41,-3.47,-3.31,-3.28,-2.84,-2.67,-2.48,-1.94,-1.89,-1.68
42,-3.75,-3.26,-3.16,-2.45,-2.29,-2.14,-2.04,-1.93,-1.72
43,-3.41,-3.17,-3.11,-2.95,-2.58,-2.27,-1.98,-1.72,-1.69
44,-3.57,-3.27,-3.18,-2.98,-2.71,-2.58,-1.96,-1.73,-1.58
45,-3.94,-3.19,-3.21,-2.84,-2.53,-2.14,-1.82,-1.58,-1.24
46,-3.86,-3.27,-3.07,-3.14,-3.01,-2.84,-2.48,-2.17,-1.96
47,-3.47,-3.25,-3.09,-2.58,-2.39,-2.29,-1.94,-1.81,-1.79
48,-3.58,-3.09,-2.93,-2.48,-2.26,-1.97,-2.16,-1.93,-1.62
49,-3.48,-3.27,-2.98,-2.94,-2.67,-2.59,-1.94,-1.61,-1.43
50,-3.46,-3.27,-3.05,-2.58,-2.35,-2.18,-1.84,-1.52,-1.28
51,-3.86,-3.46,-3.26,-2.86,-2.66,-2.58,-1.84,-1.82,-1.73
52,-3.76,-3.43,-3.15,-2.82,-2.68,-2.43,-2.07,-1.93,-1.82
53,-3.67,-3.47,-3.08,-2.58,-2.39,-2.18,-1.54,-1.39,-1.12
54,-3.14,-3.06,-2.94,-2.47,-2.13,-1.96,-1.64,-1.32,-1.26
55,-3.16,-3.12,-3.08,-2.76,-2.64,-2.53,-1.87,-1.69,-1.57
56,-3.48,-3.28,-3.19,-2.14,-2.01,-1.86,-1.58,-1.32,-1.14
57,-3.08,-2.94,-2.74,-2.72,-2.46,-2.27,-2.06,-1.53,-1.28
58,-3.48,-3.28,-3.22,-2.57,-2.36,-2.14,-1.93,-1.61,-1.58
59,-3.44,-3.27,-3.04,-2.96,-2.57,-2.29,-2.05,-1.81,-1.75
60,-3.11,-3.02,-2.96,-2.57,-2.28,-2.17,-1.59,-1.42,-1.34
61,-3.17,-3.08,-2.94,-2.68,-2.41,-2.36,-1.94,-1.23,-1.18
62,-3.58,-3.48,-3.34,-2.74,-2.36,-2.14,-2.57,-2.29,-1.94
63,-3.48,-3.23,-3.14,-2.14,-2.01,-1.97,-1.86,-1.82,-1.76
64,-3.58,-3.27,-3.13,-2.74,-2.59,-2.27,-1.97,-1.83,-1.74
65,-3.75,-3.43,-3.18,-2.47,-2.24,-2.08,-1.87,-1.62,-1.52
66,-3.76,-3.12,-3.16,-2.45,-2.23,-2.04,-1.86,-1.63,-1.23
67,-3.48,-3.38,-3.12,-2.58,-2.41,-2.27,-1.58,-1.42,-1.27
68,-3.72,-3.24,-3.13,-3.04,-2.87,-2.64,-2.71,-2.03,-1.97
69,-3.54,-3.17,-3.09,-2.94,-2.56,-2.19,-1.86,-1.86,-1.48
70,-3.74,-3.39,-3.18,-2.86,-2.59,-2.37,-1.74,-1.53,-1.29
71,-3.57,-3.48,-3.18,-2.14,-2.03,-1.95,-1.58,-1.36,-1.24
72,-3.54,-3.24,-3.12,-2.82,-2.68,-2.46,-2.14,-2.01,-1.93
73,-3.56,-3.42,-3.16,-2.84,-2.69,-2.52,-1.85,-1.72,-1.64
74,-3.12,-3.07,-2.87,-2.58,-2.43,-2.29,-1.67,-1.53,-1.4
75,-3.26,-3.06,-2.91,-2.18,-2.06,-1.94,-1.87,-1.65,-1.58
76,-3.14,-3.01,-2.92,-2.56,-2.31,-2.17,-1.97,-1.63,-1.49
77,-3.48,-3.11,-3.02,-2.62,-2.43,-2.31,-1.76,-1.59,-1.31
78,-3.48,-3.24,-2.96,-2.57,-2.39,-2.16,-1.93,-1.72,-1.48
79,-3.44,-3.26,-3.07,-2.96,-2.53,-2.17,-2.05,-1.89,-1.62
80,-3.21,-3.05,-2.84,-2.57,-2.36,-2.14,-1.59,-1.32,-1.24
81,-3.82,-3.63,-3.42,-2.64,-2.51,-2.48,-1.88,-1.59,-1.27
82,-3.72,-3.14,-3.42,-2.57,-2.34,-2.18,-2.05,-1.93,-1.74
83,-3.42,-3.24,-3.09,-2.54,-2.51,-2.48,-1.86,-1.77,-1.52
84,-3.52,-3.26,-2.97,-2.98,-2.72,-2.64,-2.04,-1.89,-1.63
85,-3.23,-3.18,-3.01,-2.58,-2.34,-2.14,-1.45,-1.26,-1.12
86,-3.49,-3.24,-3.15,-2.18,-2.16,-1.94,-1.45,-1.27,-1.12
87,-3.12,-3.08,-3.03,-2.45,-2.45,-2.36,-2.02,-1.83,-1.74
88,-3.75,-3.27,-3.18,-2.92,-2.49,-2.41,-2.16,-1.99,-1.83
89,-3.54,-3.37,-3.16,-2.63,-2.37,-2.04,-1.93,-1.75,-1.64
90,-3.18,-3.09,-3.01,-2.59,-2.36,-2.18,-2.04,-1.96,-1.76
91,-3.48,-3.26,-3.16,-2.14,-2.01,-1.96,-1.58,-1.33,-1.17
92,-3.17,-3.04,-2.97,-2.68,-2.61,-2.58,-1.94,-1.83,-1.74
93,-3.86,-3.42,-3.18,-2.36,-2.19,-1.97,-1.96,-1.79,-1.64
94,-3.62,-3.57,-3.24,-2.54,-2.16,-1.97,-1.74,-1.52,-1.48
95,-3.26,-3.12,-2.94,-2.68,-2.43,-2.17,-2.07,-1.85,-1.56
96,-3.14,-3.04,-3.01,-2.51,-2.46,-2.38,-1.94,-1.88,-1.76
97,-3.08,-2.93,-2.58,-2.72,-2.59,-2.42,-2.06,-1.93,-1.69
98,-3.48,-3.24,-3.13,-2.57,-2.31,-2.14,-1.93,-1.88,-1.74
99,-3.44,-3.44,-3.41,-2.96,-2.63,-2.42,-2.05,-1.91,-1.87
100,-3.11,-3.07,-2.88,-2.57,-2.39,-2.16,-1.59,-1.39,-1.18
